Contributor,ClosedIssues
franky47,1
anuraghazra,1
aymanapatel,1
searchformyusername,1
supesu,1
stale[bot],1
codetheorem,1
casperiv0,1
Zo-Bro-23,1
paveloom,1
minji-o-j,1
nombrekeff,1
Shawn1912,1
fluorspar20,1
ming-tsai,1
mainrs,1
Delta456,1
niyabits,1
RodrigoEC,1
rickstaa,1
donghoon-song,1
samyakb,1
peppelongo96,1
MirayXS,1
devyujie,1
Battery233,1
daniCh8,1
rdp77,1
lucasmsa,1
BobAnkh,1
hi-dhl,1
jopemachine,1
mrsidverse,1
Karthik-Nayak98,1
callumok2004,1
Kyfafyd,1
Quantumlyy,1
ThisIsNoahEvans,1
BornIdea,1
YauheniPo,1
Math-O5,1
rahulbordoloi,1
dybarsky,1
GalaxySH,1
junhaideng,1
rampatra,1
alevosia,1
Aryankpoor,1
Akora-IngDKB,1
rohan-paul,1
nathanchu,1
Mad880,1
KureYv,1
Androz2091,1
donno2048,1
AshutoshAJ,1
Syntle,1
mayuso,1
panosru,1
jjeanjacques10,1
MattMarquise,1
Zrealshadow,1
FormerlyChucks,1
thevillagehacker,1
pajarrahmansyah,1
jfullstackdev,1
Khelthos,1
AdityaInfinite,1
sudocode1,1
johnhayesio,1
antsif-a,1
luizfernandonb,1
gurusabarishh,1
nategiraudeau,1
fruit-in,1
uPagge,1
GriffinCodes,1
VistritPandey,1
frissyn,1
dylanjamesdev,1
x9nico,1
JayantGoel001,1
qwerty541,1
Dosx001,1
rk3141,1
bugoverdose,1
rajathsalegame,1
GabiRP,1
FahimFBA,1
Fatpandac,1
vybhav72954,1
Giuliopime,1
kaafivikrant,1
willdoescode,1
leandroaugustolelis,1
erihsu,1
Itz-Hyperz,1
NiklasUllmann,1
Emaleth,1
spencer741,1
azapg,1
witheunjin,1
danBamikiya,1
anaconda121,1
aokarkau,1
morningspace,1
Dipeshgoyal44,1
willfolsom,1
mathias-bevers,1
sanskaromar,1
withrvr,1
a-stoev,1
mertoenjosh,1
Nirzak,1
tkxkd0159,1
LucaTanks,1
AnimeAllstar,1
JunweiLiang,1
AdvaitDhingra,1
jeffxjh,1
glaukiol1,1
sharma-vikram,1
AnaheimDucks16,1
halosr,1
YuZaGa,1
davidcanas,1
jacob-02,1
aryashah2k,1
DEMON1A,1
jtara1,1
fayasnoushad,1
mattfranciswork0,1
StrangeRanger,1
unixfy,1
theja-vanka,1
7pandeys,1
AlphaNecron,1
CarlosViniMSouza,1
Jonak-Adipta-Kalita,1
Hephaest,1
rjarman,1
Morphclue,1
edras13,1
mikeymop,1
davidgao7,1
Genius398,1
gokul-369,1
JingBh,1
matteoscaringi,1
httpanand,1
prabormukherjee,1
michalspano,1
vghfr,1
lorenzotsouza,1
LightslicerGP,1
Ali-Fawzi,1
Randy1Burrell,1
twalton83,1
MrBlueBird2,1
robo-alex,1
Irt291,1
edoardottt,1
Danilas174,1
andry81,1
bartenbach,1
ssllllll,1
abhint,1
ymn64,1
arndom,1
SimaDinisVC,1
gurjeetsinghvirdee,1
kapoorlab,1
dankthropod,1
ckcherry23,1
Glazelf,1
mrhrifat,1
konstantinbylbas,1
unofficialdxnny,1
Jona-Walpert,1
kevinfengcs88,1
Yilmaz4,1
michaelschwob,1
jongeuni,1
keder-code-hash,1
yonatankarp,1
ronit-bhati,1
MontejoJorge,1
andrewhong04,1
probro27,1
YiChong-Liu,1
qhy040404,1
hisirdox,1
MrGreensWorkshop,1
JmKanmo,1
64kramsystem,1
cosmin-oros,1
Hugoonreplit,1
sban2009,1
prathikshetty2002,1
mendax1234,1
aScHEABL,1
github-actions[bot],1
1998code,1
Dominik48N,1
CaedenPH,1
jamesnet214,1
hhpr98,1
jesterb0206,1
ChintzRuparel,1
Somfic,1
kitswas,1
liezettetiolengco,1
mxsm,1
lipehfama,1
dhayanesh,1
TwoflexStudios,1
MKJ07,1
krishnapriya-n,1
YashIndane,1
catelinemnemosyne,1
YanbingJiang,1
Aditya-creator-bot,1
juletx,1
mrahmansagar,1
aadarsh231099,1
0p3r4t0r,1
VihiThejan,1
cyae,1
xJoaoPedro,1
videlicet,1
abirett2,1
T2-official,1
SingularisArt,1
PedroHGaspar,1
KevinASaputra,1
yasinnaal,1
CelioAmaral,1
silverwind,1
ilyamixaltik,1
readyyyk,1
hemil585,1
allwin199,1
daniel1kp,1
krma17,1
gao-ji-kai,1
ZhengLinLei,1
JounQin,1
AdityaNow,1
lmarosestolato,1
shree-2802,1
EternityJune25,1
gungunsaluja,1
MinseoKangQ,1
juliansommer,1
iibrahemali,1
dingyuqi,1
Honzoraptor31415,1
jexlor,1
Diraw,1
Xiaokang2022,1
akobirabduganiev,1
driftywinds,1
Depact,1
Naushil7,1
ahiyantra,1
tarunganesh2004,1
Artemiskgg1,1
ZU3AIRE,1
alienx5499,1
DefinetlyNotAI,1
harryzcy,1
jwd83,1
om3ga6400,1
Eric-2369,1
michaelboateng1,1
vaultik-alt,1
zhh2001,1
ImSauce,1
ManglaSourav,1
sarvajnya,1
xyzemma,1
MarioHabor,1
shen-shanshan,1
AmraouiKHY,1
EDM115,1
beddinao,1